num_components,training_time_mean,training_time_std,evaluation_time_mean,evaluation_time_std,accuracy_mean,accuracy_std,kurtosis_mean,kurtosis_std
2.0,0.10962313358904793,0.02158172542015979,0.0018111082026734948,0.0009475215927447548,0.9017999999999999,0.033252969792185484,-1.0401215246021953,0.21423695914861468
5.0,0.13500870860298164,0.020005722027956377,0.004106858599698171,0.004148932199294373,0.9489999999999998,0.03860051813123756,-0.34091019453575866,0.8630138685996606
10.0,0.9174656998075079,0.5758578407359349,0.0006842166068963707,0.0002506757325931398,0.9748000000000001,0.014483093592185352,0.598480887189318,1.3211726163552688
25.0,2.416049983393168,0.1206552251991699,0.0015335167990997434,0.0006881954025089576,0.9810000000000001,0.006841052550594834,2.6821090095549875,1.9292967551515312
50.0,1.5338363916031086,2.014474240908236,0.0011185417999513448,0.0005765030006719449,0.9635999999999999,0.01246755790040697,4.550888355356716,2.665219146904104
75.0,3.931747574795736,3.5645966547881773,0.0014862919982988388,0.0009287188357761617,0.9176,0.018874321179846436,6.390656011403137,4.2225174149943
100.0,5.410340833198279,4.434696931548017,0.002170733583625406,0.0009634961843791748,0.8520000000000001,0.031527765540868884,9.972870036074386,10.114016065642353
