training_time_mean,training_time_std,evaluation_time_mean,evaluation_time_std,accuracy_mean,accuracy_std,kurtosis_mean,kurtosis_std,num_components
0.1096231335890479,0.0215817254201597,0.0018111082026734,0.0009475215927447,0.9018,0.0332529697921854,-1.040121524602195,0.2142369591486146,2.0
0.1350087086029816,0.0200057220279563,0.0041068585996981,0.0041489321992943,0.9489999999999998,0.0386005181312375,-0.3409101945357586,0.8630138685996606,5.0
0.917465699807508,0.5758578407359349,0.0006842166068963,0.0002506757325931,0.9748,0.0144830935921853,0.598480887189318,1.3211726163552688,10.0
2.416049983393168,0.1206552251991699,0.0015335167990997,0.0006881954025089,0.981,0.0068410525505948,2.6821090095549875,1.9292967551515312,25.0
1.5338363916031086,2.014474240908236,0.0011185417999513,0.0005765030006719,0.9636,0.0124675579004069,4.550888355356716,2.665219146904104,50.0
3.931747574795736,3.5645966547881773,0.0014862919982988,0.0009287188357761,0.9176,0.0188743211798464,6.390656011403137,4.2225174149943,75.0
5.410340833198279,4.434696931548017,0.0021707335836254,0.0009634961843791,0.8520000000000001,0.0315277655408688,9.972870036074386,10.114016065642351,100.0
